"Variable","Parameters","chisq","df","cfi","tli","rmsea","srmr","rel_comp","rel_alpha","l_min","l_max"
burden,45,446.589020133894,90,0.910877510422913,0.896023762160066,0.0878828325041201,0.0489637724320731,0.914544218874331,0.928046758021501,0.839824108087092,1.58878635493633
entrapment,9,2.27817764653082e-13,0,1,1,0,8.20012279501158e-09,0.904250223716161,0.904109934442763,1,1.04282884044231
worries,27,126.156468650812,27,0.903741507898801,0.871655343865068,0.0846096621872606,0.0556076929986793,0.668393997781442,0.760962667643887,0.883810383400138,4.08906234352563
loneliness,33,183.870173232967,44,0.956127158914582,0.945158948643228,0.0787186315318467,0.0343383080605087,0.0561962100614608,0.927148073924571,0.962746076677432,1.18739485135845
