"Name","Classes","LL","n","Parameters","AIC","BIC","saBIC","Entropy","prob_min","prob_max","n_min","n_max","np_ratio","np_local"
"equal var 1",1,-1702.28158276312,513,8,3420.56316552625,3454.48537228762,3429.09207008878,1,1,1,1,1,64.125,64.125
"equal var 2",2,-1504.49947290339,513,13,3034.99894580677,3090.12253179399,3048.85841572088,0.775773728259108,0.912268496245754,0.953694770375835,0.426900584795322,0.573099415204678,39.4615384615385,36.5
"equal var 3",3,-1443.93419805035,513,18,2923.8683961007,3000.19336131377,2943.05843136638,0.781186610524514,0.87332893697133,0.925953982213644,0.233918128654971,0.395711500974659,28.5,22.5
"equal var 4",4,-1423.74886405432,513,23,2893.49772810864,2991.02407254757,2918.01832872591,0.737530838599964,0.747268610728065,0.874955799348944,0.111111111111111,0.378167641325536,22.304347826087,11.4
"equal var 5",5,-1378.12210910994,513,28,2812.24421821988,2930.97194188467,2842.09538418873,0.836131237607841,0.717723261259583,0.952161751248779,0.087719298245614,0.302144249512671,18.3214285714286,9.375
"equal var 6",6,-1370.26767665948,513,33,2806.53535331896,2946.4644562096,2841.71708463939,0.812462423902211,0.674718075873089,0.948621834620201,0.0818713450292398,0.307992202729045,15.5454545454545,9
